Ad Channel,Revenue,Cost,ROI
Display,1465516.33,331253.47,3.4846551724137935
Email,948026.5,180499.4,5.252241836
Search Engine,1938699.09,706487.97,1.8282758620689656
Social Media,1386019.81,297001.34,3.785344827586207
Video,1608686.72,588361.37,1.726896551724138
